INSERT INTO catagories VALUES (1, 'Cellphone and Tablet', 1);
INSERT INTO catagories VALUES (2, 'Electronics', 2);
INSERT INTO catagories VALUES (3, 'Computer and laptop', 3);
INSERT INTO catagories VALUES (4, 'Vehicle', 4);
INSERT INTO catagories VALUES (5, 'Cellphone', 1);
INSERT INTO catagories VALUES (6, 'Tablet', 1);
INSERT INTO catagories VALUES (7, 'Cellphone accessories', 1);
INSERT INTO catagories VALUES (8, 'Laptop and netbook', 3);
INSERT INTO catagories VALUES (9, 'Case, monitor,all in one', 3);
INSERT INTO catagories VALUES (10, 'Parts and components', 3);
INSERT INTO catagories VALUES (11, 'TV and video', 2);
INSERT INTO catagories VALUES (12, 'Home audio and theater', 2);

INSERT INTO product VALUES (1, 'Galaxy S5', 5);
INSERT INTO product VALUES (2, 'Iphone 6', 5);
INSERT INTO product VALUES (3, 'Iphone 6 plus', 5);
INSERT INTO product VALUES (4, 'HTC one', 5);
INSERT INTO product VALUES (5, 'Lumia 930', 5);
INSERT INTO product VALUES (6, 'Lumia XL', 5);
INSERT INTO product VALUES (7, 'Xperia Z3', 5);

INSERT INTO product_indetify VALUES (33324, 400, 50);
INSERT INTO product_indetify VALUES (45135, 500, 24);
INSERT INTO product_indetify VALUES (323214, 400, 50);

INSERT INTO attribute VALUES (1, 'network', 1);
INSERT INTO attribute VALUES (2, 'body', 2);
INSERT INTO attribute VALUES (3, 'display', 3);
INSERT INTO attribute VALUES (4, 'platform', 4);
INSERT INTO attribute VALUES (5, 'memory', 5);
INSERT INTO attribute VALUES (6, 'comms', 6);
INSERT INTO attribute VALUES (7, 'color', 7);
INSERT INTO attribute VALUES (8, 'battery', 8);
INSERT INTO attribute VALUES (9, 'technology', 1);
INSERT INTO attribute VALUES (10, '2G_bands', 1);
INSERT INTO attribute VALUES (11, '3G_network', 1);
INSERT INTO attribute VALUES (12, '4G_network', 1);
INSERT INTO attribute VALUES (13, 'Dimensions', 2);
INSERT INTO attribute VALUES (14, 'weight', 2);
INSERT INTO attribute VALUES (15, 'sim', 2);
INSERT INTO attribute VALUES (16, 'type', 3);
INSERT INTO attribute VALUES (17, 'resolution', 3);
INSERT INTO attribute VALUES (18, 'OS', 4);
INSERT INTO attribute VALUES (19, 'chipset', 4);
INSERT INTO attribute VALUES (20, 'card_slot', 5);
INSERT INTO attribute VALUES (21, 'internal', 5);
INSERT INTO attribute VALUES (22, 'wlan', 6);
INSERT INTO attribute VALUES (23, 'bluetooth', 6);
INSERT INTO attribute VALUES (24, 'GPS', 6);
INSERT INTO attribute VALUES (25, 'size', 3);

INSERT INTO valuestring VALUES (1, 'GSM / HSPA / LTE', 1);
INSERT INTO valuestring VALUES (2, 'GSM 850 / 900 / 1800 / 1900', 2);
INSERT INTO valuestring VALUES (3, 'HSDPA 850 / 900 / 1900 / 2100', 3);
INSERT INTO valuestring VALUES (4, 'LTE 800 / 850 / 900 / 1800 / 1900 / 2100 / 2600', 4);
INSERT INTO valuestring VALUES (5, '142 x 72.5 x 8.1', 5);
INSERT INTO valuestring VALUES (6, '145', 6);
INSERT INTO valuestring VALUES (7, 'micro-sim', 7);
INSERT INTO valuestring VALUES (8, 'Super AMOLED capacitive touchscreen', 8);
INSERT INTO valuestring VALUES (9, '5.1', 9);
INSERT INTO valuestring VALUES (10, 'Android 4.4.0', 10);
INSERT INTO valuestring VALUES (11, 'Qualcomm MSM8974AC Snapdragon 801', 11);
INSERT INTO valuestring VALUES (12, 'micro sd', 12);
INSERT INTO valuestring VALUES (13, '16', 13);
INSERT INTO valuestring VALUES (14, 'Wi-Fi 802.11 a/b/g/n/ac, dual-band, hotspot', 14);
INSERT INTO valuestring VALUES (15, 'v4.0, A2DP, LE', 15);
INSERT INTO valuestring VALUES (16, 'Yes, with A-GPS', 16);
INSERT INTO valuestring VALUES (17, 'silver', 17);
INSERT INTO valuestring VALUES (18, '2800', 18);
INSERT INTO valuestring VALUES (19, '138.1 x 67 x 6.9', 19);
INSERT INTO valuestring VALUES (20, '129', 20);
INSERT INTO valuestring VALUES (21, 'nano-sim', 21);
INSERT INTO valuestring VALUES (22, 'LED-backlit IPS LCD, capacitive touchscreen', 22);
INSERT INTO valuestring VALUES (23, '4.7', 23);
INSERT INTO valuestring VALUES (24, '750 x 1334', 18);
INSERT INTO valuestring VALUES (25, 'iOS 8', 25);
INSERT INTO valuestring VALUES (26, 'Apple A8', 26);
INSERT INTO valuestring VALUES (27, '1810', 27);
INSERT INTO valuestring VALUES (28, '158.1 x 77.8 x 7.1', 28);
INSERT INTO valuestring VALUES (29, '5.5', 29);
INSERT INTO valuestring VALUES (30, '1080 x 1920', 30);
INSERT INTO valuestring VALUES (31, '2915', 31);
INSERT INTO valuestring VALUES (32, '146.4 x 70.6 x 9.4', 32);
INSERT INTO valuestring VALUES (33, '160', 33);
INSERT INTO valuestring VALUES (34, 'Super LCD3 capacitive touchscreen', 34);
INSERT INTO valuestring VALUES (35, '5', 35);
INSERT INTO valuestring VALUES (36, '2600', 36);




INSERT INTO product_attribute VALUES (1, 7);
INSERT INTO product_attribute VALUES (1, 8);
INSERT INTO product_attribute VALUES (1, 9);
INSERT INTO product_attribute VALUES (1, 10);
INSERT INTO product_attribute VALUES (1, 11);
INSERT INTO product_attribute VALUES (1, 12);
INSERT INTO product_attribute VALUES (1, 13);
INSERT INTO product_attribute VALUES (1, 14);
INSERT INTO product_attribute VALUES (1, 15);
INSERT INTO product_attribute VALUES (1, 16);
INSERT INTO product_attribute VALUES (1, 17);
INSERT INTO product_attribute VALUES (1, 18);
INSERT INTO product_attribute VALUES (1, 19);
INSERT INTO product_attribute VALUES (1, 20);
INSERT INTO product_attribute VALUES (1, 21);
INSERT INTO product_attribute VALUES (1, 22);
INSERT INTO product_attribute VALUES (1, 23);
INSERT INTO product_attribute VALUES (1, 24);
INSERT INTO product_attribute VALUES (1, 25);
INSERT INTO product_attribute VALUES (2, 7);
INSERT INTO product_attribute VALUES (2, 8);
INSERT INTO product_attribute VALUES (2, 9);
INSERT INTO product_attribute VALUES (2, 10);
INSERT INTO product_attribute VALUES (2, 11);
INSERT INTO product_attribute VALUES (2, 12);
INSERT INTO product_attribute VALUES (2, 13);
INSERT INTO product_attribute VALUES (2, 14);
INSERT INTO product_attribute VALUES (2, 15);
INSERT INTO product_attribute VALUES (2, 16);
INSERT INTO product_attribute VALUES (2, 17);
INSERT INTO product_attribute VALUES (2, 18);
INSERT INTO product_attribute VALUES (2, 19);
INSERT INTO product_attribute VALUES (2, 20);
INSERT INTO product_attribute VALUES (2, 21);
INSERT INTO product_attribute VALUES (2, 22);
INSERT INTO product_attribute VALUES (2, 23);
INSERT INTO product_attribute VALUES (2, 24);
INSERT INTO product_attribute VALUES (2, 25);
INSERT INTO product_attribute VALUES (3, 7);
INSERT INTO product_attribute VALUES (3, 8);
INSERT INTO product_attribute VALUES (3, 9);
INSERT INTO product_attribute VALUES (3, 10);
INSERT INTO product_attribute VALUES (3, 11);
INSERT INTO product_attribute VALUES (3, 12);
INSERT INTO product_attribute VALUES (3, 13);
INSERT INTO product_attribute VALUES (3, 14);
INSERT INTO product_attribute VALUES (3, 15);
INSERT INTO product_attribute VALUES (3, 16);
INSERT INTO product_attribute VALUES (3, 17);
INSERT INTO product_attribute VALUES (3, 18);
INSERT INTO product_attribute VALUES (3, 19);
INSERT INTO product_attribute VALUES (3, 20);
INSERT INTO product_attribute VALUES (3, 21);
INSERT INTO product_attribute VALUES (3, 22);
INSERT INTO product_attribute VALUES (3, 23);
INSERT INTO product_attribute VALUES (3, 24);
INSERT INTO product_attribute VALUES (3, 25);
INSERT INTO product_attribute VALUES (4, 7);
INSERT INTO product_attribute VALUES (4, 8);
INSERT INTO product_attribute VALUES (4, 9);
INSERT INTO product_attribute VALUES (4, 10);
INSERT INTO product_attribute VALUES (4, 11);
INSERT INTO product_attribute VALUES (4, 12);
INSERT INTO product_attribute VALUES (4, 13);
INSERT INTO product_attribute VALUES (4, 14);
INSERT INTO product_attribute VALUES (4, 15);
INSERT INTO product_attribute VALUES (4, 16);
INSERT INTO product_attribute VALUES (4, 17);
INSERT INTO product_attribute VALUES (4, 18);
INSERT INTO product_attribute VALUES (4, 19);
INSERT INTO product_attribute VALUES (4, 20);
INSERT INTO product_attribute VALUES (4, 21);
INSERT INTO product_attribute VALUES (4, 22);
INSERT INTO product_attribute VALUES (4, 23);
INSERT INTO product_attribute VALUES (4, 24);
INSERT INTO product_attribute VALUES (4, 25);


INSERT INTO attribute_valuestring VALUES (9, 1);
INSERT INTO attribute_valuestring VALUES (10, 2);
INSERT INTO attribute_valuestring VALUES (11, 3);
INSERT INTO attribute_valuestring VALUES (12, 4);
INSERT INTO attribute_valuestring VALUES (13, 5);
INSERT INTO attribute_valuestring VALUES (13, 19);
INSERT INTO attribute_valuestring VALUES (13, 28);
INSERT INTO attribute_valuestring VALUES (13, 32);
INSERT INTO attribute_valuestring VALUES (14, 6);
INSERT INTO attribute_valuestring VALUES (14, 20);
INSERT INTO attribute_valuestring VALUES (14, 33);
INSERT INTO attribute_valuestring VALUES (15, 21);
INSERT INTO attribute_valuestring VALUES (15, 7);
INSERT INTO attribute_valuestring VALUES (16, 8);
INSERT INTO attribute_valuestring VALUES (16, 22);
INSERT INTO attribute_valuestring VALUES (16, 34);
INSERT INTO attribute_valuestring VALUES (17, 30);
INSERT INTO attribute_valuestring VALUES (17, 24);
INSERT INTO attribute_valuestring VALUES (18, 10);
INSERT INTO attribute_valuestring VALUES (19, 11);
INSERT INTO attribute_valuestring VALUES (19, 26);
INSERT INTO attribute_valuestring VALUES (20, 12);
INSERT INTO attribute_valuestring VALUES (21, 13);
INSERT INTO attribute_valuestring VALUES (22, 14);
INSERT INTO attribute_valuestring VALUES (23, 15);
INSERT INTO attribute_valuestring VALUES (24, 16);
INSERT INTO attribute_valuestring VALUES (8, 18);
INSERT INTO attribute_valuestring VALUES (8, 27);
INSERT INTO attribute_valuestring VALUES (8, 31);
INSERT INTO attribute_valuestring VALUES (8, 36);
INSERT INTO attribute_valuestring VALUES (7, 17);
INSERT INTO attribute_valuestring VALUES (18, 25);

INSERT INTO detail_product VALUES (1, 7, 17, 33324);
INSERT INTO detail_product VALUES (1, 8, 18, 33324);
INSERT INTO detail_product VALUES (1, 9, 1, 33324);
INSERT INTO detail_product VALUES (1, 10, 2, 33324);
INSERT INTO detail_product VALUES (1, 11, 3, 33324);
INSERT INTO detail_product VALUES (1, 12, 4, 33324);
INSERT INTO detail_product VALUES (1, 13, 5, 33324);
INSERT INTO detail_product VALUES (1, 14, 6, 33324);
INSERT INTO detail_product VALUES (1, 15, 7, 33324);
INSERT INTO detail_product VALUES (1, 16, 8, 33324);
INSERT INTO detail_product VALUES (1, 17, 24, 33324);
INSERT INTO detail_product VALUES (1, 18, 10, 33324);
INSERT INTO detail_product VALUES (1, 19, 11, 33324);
INSERT INTO detail_product VALUES (1, 20, 12, 33324);
INSERT INTO detail_product VALUES (1, 21, 13, 33324);
INSERT INTO detail_product VALUES (1, 22, 14, 33324);
INSERT INTO detail_product VALUES (1, 23, 15, 33324);
INSERT INTO detail_product VALUES (1, 24, 16, 33324);
INSERT INTO detail_product VALUES (2, 7, 17, 45135);
INSERT INTO detail_product VALUES (2, 8, 31, 45135);
INSERT INTO detail_product VALUES (2, 9, 1, 45135);
INSERT INTO detail_product VALUES (2, 10, 2, 45135);
INSERT INTO detail_product VALUES (2, 11, 3, 45135);
INSERT INTO detail_product VALUES (2, 12, 4, 45135);
INSERT INTO detail_product VALUES (2, 13, 5, 45135);
INSERT INTO detail_product VALUES (2, 14, 6, 45135);
INSERT INTO detail_product VALUES (2, 15, 21, 45135);
INSERT INTO detail_product VALUES (2, 16, 8, 45135);
INSERT INTO detail_product VALUES (2, 17, 24, 45135);
INSERT INTO detail_product VALUES (2, 18, 25, 45135);
INSERT INTO detail_product VALUES (2, 19, 26, 45135);
INSERT INTO detail_product VALUES (2, 21, 13, 45135);
INSERT INTO detail_product VALUES (2, 22, 14, 45135);
INSERT INTO detail_product VALUES (2, 23, 15, 45135);
INSERT INTO detail_product VALUES (2, 24, 16, 45135);

